<?xml version="1.0" encoding="utf-8" ?>
<!--********** Copyright 2016 Roku Corp.  All Rights Reserved. **********-->

 
<component name="catselector" extends="Group">
 
<interface> 
  <field id="itemContent" type="node" onChange="itemContentChanged"/>
</interface>
 
<script type="text/brightscript" >
<![CDATA[ 
  function itemContentChanged() 
    itemData = m.top.itemContent
    m.itemImage.uri = itemData.posterUrl
    m.itemText.text = itemData.labelText
  end function
  
  function init() 
    m.itemImage = m.top.findNode("itemImage") 
   m.itemText = m.top.findNode("itemText") 
  end function
]]>
</script>

<children> 
    <Poster id="itemImage" width="36" height="36"/>
    <Label id="itemText" font="font:INTER LIGHT BETA" color="#c6bcd2" translation="[0,35]">
    <Font role="font" uri = "pkg:/images/rofont.otf" size="16"/>
    </Label>
</children>

</component>
